id,repo,file,kind,name,context,layer(KEEP/DROP),taxonomy(G1-G5/NA),note
1,Customization,models.py,field,page,,,,
2,TaskManagement,errors.py,class,InternalError,,,,
3,Customization,models.py,field,content_type,,,,
4,Customization,config.py,field,api_reload,,,,
5,TaskManagement,errors.py,method,__init__,,,,
6,Customization,middleware.py,function,add_logging_middleware,,,,
7,Customization,dependencies.py,function,verify_token,,,,
8,UserManagement,api.py,function,reset_password,,,,
9,UserManagement,error_handler.py,class,CustomError,,,,
10,Customization,models.py,field,content_type,,,,
11,Customization,models.py,field,action,,,,
12,Customization,models.py,field,__tablename__,,,,
13,Customization,config.py,field,database_url,,,,
14,Customization,helpers.py,function,generate_id,,,,
15,UserManagement,models.py,field,role,type=Column,,,
16,Customization,models.py,field,id,,,,
17,TaskManagement,validators.py,function,validate_description,,,,
18,UserManagement,config.py,field,SQLALCHEMY_DATABASE_URI,,,,
19,Customization,models.py,field,content_id,type=Field,,,
20,Customization,config.py,field,health_check_path,,,,
21,Customization,models.py,field,meta_info,,,,
22,Customization,helpers.py,function,sanitize_string,,,,
23,TaskManagement,validators.py,const,VALID_STATUSES,"enum=['pending', 'in_progress', 'completed']",,,
24,Customization,history_service.py,method,get_user_history,,,,
25,TaskManagement,config.py,field,PORT,,,,
26,TaskManagement,validators.py,function,validate_title,,,,
27,Customization,models.py,field,content_id,,,,
28,Customization,models.py,field,limit,type=Field,,,
29,TaskManagement,errors.py,field,details,,,,
30,Customization,models.py,field,created_at,,,,
31,Customization,like_service.py,class,LikeService,,,,
32,Customization,models.py,method,__repr__,,,,
33,UserManagement,config.py,field,WTF_CSRF_ENABLED,,,,
34,TaskManagement,database.py,function,reset_database,,,,
35,Customization,models.py,field,content_id,,,,
36,UserManagement,config.py,field,SQLALCHEMY_DATABASE_URI,,,,
37,TaskManagement,repository.py,function,delete_task,,,,
38,Customization,models.py,field,content_id,,,,
39,UserManagement,models.py,field,phone,type=Column,,,
40,UserManagement,error_handler.py,class,ValidationError,,,,
41,Customization,config.py,field,database_pool_size,,,,
42,TaskManagement,validators.py,function,validate_due_date,,,,
43,Customization,history_service.py,method,create_history,,,,
44,UserManagement,api.py,function,health_check,,,,
45,Customization,models.py,class,HistoryListResponse,,,,
46,TaskManagement,errors.py,class,AppError,,,,
47,Customization,config.py,field,allowed_extensions,,,,
48,TaskManagement,database.py,function,db_session,,,,
49,UserManagement,api.py,function,get_user,,,,
50,UserManagement,models.py,method,set_password,,,,
